{
    "original": {
        "training_time_sec": 453.2972,
        "classification_report": {
            "0": {
                "precision": 0.6216696269982238,
                "recall": 0.8018327605956472,
                "f1-score": 0.7003501750875438,
                "support": 873.0
            },
            "1": {
                "precision": 0.984984984984985,
                "recall": 0.7645687645687645,
                "f1-score": 0.8608923884514436,
                "support": 858.0
            },
            "2": {
                "precision": 0.7362250879249707,
                "recall": 0.7160775370581528,
                "f1-score": 0.7260115606936416,
                "support": 877.0
            },
            "3": {
                "precision": 0.6458923512747875,
                "recall": 0.9978118161925602,
                "f1-score": 0.7841788478073947,
                "support": 914.0
            },
            "4": {
                "precision": 0.9044715447154471,
                "recall": 0.6037991858887382,
                "f1-score": 0.7241659886086249,
                "support": 737.0
            },
            "5": {
                "precision": 0.4743947858472998,
                "recall": 0.9505597014925373,
                "f1-score": 0.632919254658385,
                "support": 1072.0
            },
            "6": {
                "precision": 0.9311064718162839,
                "recall": 0.6539589442815249,
                "f1-score": 0.768303186907838,
                "support": 682.0
            },
            "7": {
                "precision": 0.6482758620689655,
                "recall": 0.11562115621156212,
                "f1-score": 0.19624217118997914,
                "support": 813.0
            },
            "8": {
                "precision": 0.9410898379970545,
                "recall": 0.5442930153321976,
                "f1-score": 0.689692390717755,
                "support": 1174.0
            },
            "accuracy": 0.692375,
            "macro avg": {
                "precision": 0.7653456170697798,
                "recall": 0.6831692090690761,
                "f1-score": 0.6758617737914006,
                "support": 8000.0
            },
            "weighted avg": {
                "precision": 0.7582373513743536,
                "recall": 0.692375,
                "f1-score": 0.6761161597145794,
                "support": 8000.0
            }
        }
    },
    "denoised": {
        "training_time_sec": 1120.713,
        "classification_report": {
            "0": {
                "precision": 0.8865979381443299,
                "recall": 0.7880870561282932,
                "f1-score": 0.834445118253487,
                "support": 873.0
            },
            "1": {
                "precision": 0.9482071713147411,
                "recall": 0.8321678321678322,
                "f1-score": 0.8864059590316573,
                "support": 858.0
            },
            "2": {
                "precision": 0.7596371882086168,
                "recall": 0.38198403648802737,
                "f1-score": 0.5083459787556904,
                "support": 877.0
            },
            "3": {
                "precision": 0.37083671811535335,
                "recall": 0.9989059080962801,
                "f1-score": 0.5408767772511849,
                "support": 914.0
            },
            "4": {
                "precision": 0.9535603715170279,
                "recall": 0.417910447761194,
                "f1-score": 0.5811320754716981,
                "support": 737.0
            },
            "5": {
                "precision": 0.5454545454545454,
                "recall": 0.8843283582089553,
                "f1-score": 0.6747330960854092,
                "support": 1072.0
            },
            "6": {
                "precision": 0.5775749674054759,
                "recall": 0.6495601173020528,
                "f1-score": 0.611456176673568,
                "support": 682.0
            },
            "7": {
                "precision": 0.5046875,
                "recall": 0.3972939729397294,
                "f1-score": 0.44459738472126636,
                "support": 813.0
            },
            "8": {
                "precision": 0.91,
                "recall": 0.07751277683134583,
                "f1-score": 0.14285714285714285,
                "support": 1174.0
            },
            "accuracy": 0.595375,
            "macro avg": {
                "precision": 0.7173951555733434,
                "recall": 0.603083389547079,
                "f1-score": 0.5805388565667893,
                "support": 8000.0
            },
            "weighted avg": {
                "precision": 0.7190958324012869,
                "recall": 0.595375,
                "f1-score": 0.5658726236838785,
                "support": 8000.0
            }
        }
    }
}