{
    "mlp": {
        "training_time_sec": 35.5802,
        "classification_report": {
            "0": {
                "precision": 0.711892797319933,
                "recall": 0.9736540664375716,
                "f1-score": 0.822447992259313,
                "support": 873.0
            },
            "1": {
                "precision": 0.9586092715231788,
                "recall": 0.6748251748251748,
                "f1-score": 0.7920656634746922,
                "support": 858.0
            },
            "2": {
                "precision": 0.5297029702970297,
                "recall": 0.24401368301026224,
                "f1-score": 0.33411397345823574,
                "support": 877.0
            },
            "3": {
                "precision": 0.5722495894909688,
                "recall": 0.762582056892779,
                "f1-score": 0.6538461538461539,
                "support": 914.0
            },
            "4": {
                "precision": 0.45951629863301785,
                "recall": 0.592944369063772,
                "f1-score": 0.5177725118483413,
                "support": 737.0
            },
            "5": {
                "precision": 0.5232646834477498,
                "recall": 0.6399253731343284,
                "f1-score": 0.575744859420898,
                "support": 1072.0
            },
            "6": {
                "precision": 0.3382352941176471,
                "recall": 0.06744868035190615,
                "f1-score": 0.11246943765281174,
                "support": 682.0
            },
            "7": {
                "precision": 0.29880478087649404,
                "recall": 0.2767527675276753,
                "f1-score": 0.28735632183908044,
                "support": 813.0
            },
            "8": {
                "precision": 0.503149055283415,
                "recall": 0.6124361158432708,
                "f1-score": 0.552439492892816,
                "support": 1174.0
            },
            "accuracy": 0.556625,
            "macro avg": {
                "precision": 0.5439360823321594,
                "recall": 0.5382869207874156,
                "f1-score": 0.5164729340769268,
                "support": 8000.0
            },
            "weighted avg": {
                "precision": 0.5494324747330632,
                "recall": 0.556625,
                "f1-score": 0.5307385521454887,
                "support": 8000.0
            }
        }
    }
}