{
    "original": {
        "training_time_sec": 400.6385,
        "classification_report": {
            "0": {
                "precision": 0.9228260869565217,
                "recall": 0.9725085910652921,
                "f1-score": 0.947016174010039,
                "support": 873.0
            },
            "1": {
                "precision": 0.973397823458283,
                "recall": 0.9382284382284383,
                "f1-score": 0.9554896142433235,
                "support": 858.0
            },
            "2": {
                "precision": 0.6727272727272727,
                "recall": 0.548460661345496,
                "f1-score": 0.6042713567839196,
                "support": 877.0
            },
            "3": {
                "precision": 0.922645739910314,
                "recall": 0.9004376367614879,
                "f1-score": 0.9114064230343301,
                "support": 914.0
            },
            "4": {
                "precision": 0.6906290115532734,
                "recall": 0.7299864314789688,
                "f1-score": 0.7097625329815304,
                "support": 737.0
            },
            "5": {
                "precision": 0.7625968992248062,
                "recall": 0.7341417910447762,
                "f1-score": 0.7480988593155894,
                "support": 1072.0
            },
            "6": {
                "precision": 0.6026711185308848,
                "recall": 0.5293255131964809,
                "f1-score": 0.5636221701795472,
                "support": 682.0
            },
            "7": {
                "precision": 0.5707547169811321,
                "recall": 0.5953259532595326,
                "f1-score": 0.5827814569536424,
                "support": 813.0
            },
            "8": {
                "precision": 0.7038904899135446,
                "recall": 0.8321976149914821,
                "f1-score": 0.7626854020296643,
                "support": 1174.0
            },
            "accuracy": 0.763125,
            "macro avg": {
                "precision": 0.7580154621395592,
                "recall": 0.7534014034857728,
                "f1-score": 0.7539037766146206,
                "support": 8000.0
            },
            "weighted avg": {
                "precision": 0.7627490889107594,
                "recall": 0.763125,
                "f1-score": 0.7610209912533374,
                "support": 8000.0
            }
        }
    },
    "denoised": {
        "training_time_sec": 433.8228,
        "classification_report": {
            "0": {
                "precision": 0.9056806002143623,
                "recall": 0.9679266895761741,
                "f1-score": 0.9357696566998892,
                "support": 873.0
            },
            "1": {
                "precision": 0.9826517967781908,
                "recall": 0.9242424242424242,
                "f1-score": 0.9525525525525526,
                "support": 858.0
            },
            "2": {
                "precision": 0.6880952380952381,
                "recall": 0.3295324971493729,
                "f1-score": 0.4456437933693138,
                "support": 877.0
            },
            "3": {
                "precision": 0.8072763028515241,
                "recall": 0.8982494529540481,
                "f1-score": 0.8503366131538063,
                "support": 914.0
            },
            "4": {
                "precision": 0.7213855421686747,
                "recall": 0.649932157394844,
                "f1-score": 0.6837972876516774,
                "support": 737.0
            },
            "5": {
                "precision": 0.6883561643835616,
                "recall": 0.75,
                "f1-score": 0.7178571428571429,
                "support": 1072.0
            },
            "6": {
                "precision": 0.43424787133396403,
                "recall": 0.6730205278592375,
                "f1-score": 0.527889591719379,
                "support": 682.0
            },
            "7": {
                "precision": 0.5572519083969466,
                "recall": 0.5387453874538746,
                "f1-score": 0.5478424015009381,
                "support": 813.0
            },
            "8": {
                "precision": 0.7203832752613241,
                "recall": 0.7044293015332198,
                "f1-score": 0.7123169681309216,
                "support": 1174.0
            },
            "accuracy": 0.719375,
            "macro avg": {
                "precision": 0.7228142999426429,
                "recall": 0.7151198264625773,
                "f1-score": 0.7082228897372912,
                "support": 8000.0
            },
            "weighted avg": {
                "precision": 0.7299495297461762,
                "recall": 0.719375,
                "f1-score": 0.7146790530371605,
                "support": 8000.0
            }
        }
    }
}